source,context,en,ro,de,hu
(0 = unlimited),Admin events (app.js:610),(0 = unlimited),,,
"(display text, include timezone)",Admin events (app.js:610),"(display text, include timezone)",,,
(one seat only),Seat-plan editor (editor.js:37),(one seat only),,,
(optional for house reservations),Admin events (app.js:543),(optional for house reservations),,,
(required),Admin events (app.js:543),(required),,,
(yours),Interactive seat map (map.js:152),(yours),,,
+ {0} more,Admin events (app.js:589); Seat-plan editor (editor.js:106),+ {0} more,,,
4-corner grid,Seat-plan editor (editor.js:39),4-corner grid,,,
A place for everyone.,Visitor reservations (app.js:220),A place for everyone.,,,
A seat or exclusion references a page that is not in the PDF.,API error (services.py:69),A seat or exclusion references a page that is not in the PDF.,,,
A seat was selected twice.,API error (services.py:158),A seat was selected twice.,,,
A selected seat does not belong to this event.,API error (services.py:175); API error (services.py:218),A selected seat does not belong to this event.,,,
A sign-in email has been queued. Check your inbox and spam folder.,Sign-in API response,A sign-in email has been queued. Check your inbox and spam folder.,,,
Action,System and delivery (app.js:634),Action,,,
Actor,System and delivery (app.js:634),Actor,,,
Add non-overlapping,Seat-plan editor (editor.js:465),Add non-overlapping,,,
Add seat,Seat-plan editor (editor.js:39),Add seat,,,
Added {0} shapes. Save the draft when ready.,Seat-plan editor (editor.js:502),Added {0} shapes. Save the draft when ready.,,,
Admin note,CSV export header,Admin note,,,
Administration,Admin seat plans (app.js:403); Site shell (index.html),Administration,,,
Administrator access is required.,API error (security.py:66),Administrator access is required.,,,
Administrator override,Admin events (app.js:543),Administrator override,,,
All sections,Visitor reservations (app.js:227); Visitor reservations (app.js:279),All sections,,,
Already reserved or blocked: {0}. Nothing was booked.,API error (services.py:179),Already reserved or blocked: {0}. Nothing was booked.,,,
An imported seat ID belongs to another plan. Use the import function to assign new IDs.,API error (services.py:79),An imported seat ID belongs to another plan. Use the import function to assign new IDs.,,,
"Angle, °",Seat-plan editor (editor.js:37),"Angle, °",,,
Another administrator changed this plan. Export your work before reloading.,API error (services.py:58),Another administrator changed this plan. Export your work before reloading.,,,
Apply administrator override,Admin events (app.js:543),Apply administrator override,,,
Apply numbering,Seat-plan editor (editor.js:516),Apply numbering,,,
Apply to selection,Seat-plan editor (editor.js:37),Apply to selection,,,
Approve selected,Seat-plan editor (editor.js:37),Approve selected,,,
Approved,Seat-plan editor (editor.js:37),Approved,,,
Attempts,System and delivery (app.js:634),Attempts,,,
Attendee email,Admin events (app.js:543),Attendee email,,,
Attendee list follows the plan.,Printable plan and private roster (print.html); Printable plan legend,Attendee list follows the plan.,,,
Attendee list · {0},Private roster heading,Attendee list · {0},,,
Automatic detection,Seat-plan editor (editor.js:37),Automatic detection,,,
Available,Admin events (app.js:543); Printable plan and private roster (print.html); Visitor reservations (app.js:227),Available,,,
Available seats only,Visitor reservations (app.js:227),Available seats only,,,
blocked,Admin events (app.js:590); Interactive seat map (map.js:147); Seat-plan editor (editor.js:255),blocked,,,
Blocked for this event,Admin events (app.js:543),Blocked for this event,,,
Book seats,Site shell (index.html),Book seats,,,
Booking is closed for this event.,API error (services.py:168),Booking is closed for this event.,,,
Box fill ratio,Seat-plan editor (editor.js:37),Box fill ratio,,,
Cancel,Account and sign-in (app.js:138); Admin events (app.js:610); Admin seat plans (app.js:471); Seat-plan editor (editor.js:424); Seat-plan editor (editor.js:516),Cancel,,,
Cancel all these seats,My reservations (app.js:380),Cancel all these seats,,,
Cancel seat,My reservations (app.js:380),Cancel seat,,,
Cancel the selected reservation seats? They will immediately become available to others.,My reservations (app.js:383),Cancel the selected reservation seats? They will immediately become available to others.,,,
"Cannot migrate occupied seat {0}. Keep its exact name and availability in the new plan, or explicitly resolve this allocation first.",API error (services.py:267),"Cannot migrate occupied seat {0}. Keep its exact name and availability in the new plan, or explicitly resolve this allocation first.",,,
Changing the plan preserves occupied seats only when their exact section / row / label exists in the new version. Missing or newly excluded reserved seats prevent the change. Resolve them explicitly first.,Admin events (app.js:610),Changing the plan preserves occupied seats only when their exact section / row / label exists in the new version. Missing or newly excluded reserved seats prevent the change. Resolve them explicitly first.,,,
Choose a page in a draft plan.,API error (app.py:293),Choose a page in a draft plan.,,,
Choose a published seating plan.,API error (services.py:250),Choose a published seating plan.,,,
Choose seats on the map or in the roster. An override may cancel another person's reservation; changes are logged and emailed.,Admin events (app.js:543),Choose seats on the map or in the roster. An override may cancel another person's reservation; changes are logged and emailed.,,,
Choose your place. Keep your confirmation.,Site shell (index.html),Choose your place. Keep your confirmation.,,,
Choose your seats,Visitor reservations (app.js:227),Choose your seats,,,
Clear detection region,Seat-plan editor (editor.js:37),Clear detection region,,,
Click a seat · drag to select an area,Interactive seat map (map.js:114),Click a seat · drag to select an area,,,
"Click a seat, or drag to select an area.",Seat-plan editor (editor.js:106); Seat-plan editor (editor.js:37),"Click a seat, or drag to select an area.",,,
"Click an available seat on the plan, or use the search below.",Visitor reservations (app.js:310),"Click an available seat on the plan, or use the search below.",,,
"Click four corners clockwise, starting at row 1 / column 1; Escape cancels",Interactive seat map (map.js:114),"Click four corners clockwise, starting at row 1 / column 1; Escape cancels",,,
"Click four grid corners clockwise around the page, starting at the first row/column corner.",API error (domain.py:158),"Click four grid corners clockwise around the page, starting at the first row/column corner.",,,
Click to add a seat,Interactive seat map (map.js:114),Click to add a seat,,,
Close,Account and sign-in (app.js:162),Close,,,
"Close kernel, px",Seat-plan editor (editor.js:37),"Close kernel, px",,,
Closed,Admin events (app.js:610),Closed,,,
closed,Visitor reservations (app.js:227),closed,,,
Columns,Seat-plan editor (editor.js:424),Columns,,,
Construct a seat grid,Seat-plan editor (editor.js:424),Construct a seat grid,,,
Continue across the grid,Seat-plan editor (editor.js:424),Continue across the grid,,,
Corners must form a convex outline without crossing edges.,Seat-plan editor (editor.js:407),Corners must form a convex outline without crossing edges.,,,
Create an event,Admin events (app.js:610),Create an event,,,
Create event,Admin events (app.js:518),Create event,,,
Create your first event.,Admin events (app.js:538),Create your first event.,,,
Current seats in this reservation:,Reservation email,Current seats in this reservation:,,,
D-labels are provisional. Detection can still miss or split seats; a shape count is not a completeness check. Nothing is approved automatically.,Seat-plan editor (editor.js:465),D-labels are provisional. Detection can still miss or split seats; a shape count is not a completeness check. Nothing is approved automatically.,,,
Date and time,Admin events (app.js:610),Date and time,,,
"Default limit: 20 MB, 10 pages. PDFs are rasterized on the server; the browser receives only page images.",Admin seat plans (app.js:471),"Default limit: 20 MB, 10 pages. PDFs are rasterized on the server; the browser receives only page images.",,,
Delete shapes,Seat-plan editor (editor.js:37),Delete shapes,,,
Delete {0} selected shapes from this draft?,Seat-plan editor delete confirmation,Delete {0} selected shapes from this draft?,,,
Delivery & audit,Admin seat plans (app.js:403),Delivery & audit,,,
Delivery & operations,System and delivery (app.js:634),Delivery & operations,,,
Description,Admin events (app.js:610),Description,,,
Details,System and delivery (app.js:634),Details,,,
Detect candidates,Seat-plan editor (editor.js:37),Detect candidates,,,
Detecting… The worker must be running.,Seat-plan editor (editor.js:450),Detecting… The worker must be running.,,,
Detection image is too large.,API error (detection.py:86),Detection image is too large.,,,
Detection method,Seat-plan editor (editor.js:37),Detection method,,,
Detection region,Seat-plan editor (editor.js:39),Detection region,,,
Detection requires a rendered draft page.,API error (app.py:307),Detection requires a rendered draft page.,,,
Development mode · Email messages are written to the server's data/dev-mail directory when MAIL_BACKEND=file.,Site shell (index.html),Development mode · Email messages are written to the server's data/dev-mail directory when MAIL_BACKEND=file.,,,
Discard,Seat-plan editor (editor.js:465),Discard,,,
Discard unsaved changes to this plan?,Admin seat plans (app.js:436),Discard unsaved changes to this plan?,,,
Discard unsaved map changes before refreshing the plan list?,Admin seat plans (app.js:421),Discard unsaved map changes before refreshing the plan list?,,,
Discard unsaved map changes?,My reservations (app.js:395),Discard unsaved map changes?,,,
Do not forward this email.,Sign-in email,Do not forward this email.,,,
done,Admin seat plans (app.js:505),done,,,
draft,Account and sign-in (app.js:40); Admin seat plans (app.js:457); Seat-plan editor (editor.js:122); Seat-plan editor (editor.js:188); Seat-plan editor (editor.js:225); Seat-plan editor (editor.js:36); Seat-plan editor (editor.js:393),draft,,,
DRAFT,Seat-plan editor heading status,DRAFT,,,
Draft only. Review seat identities and cross-outs before publishing. Selecting a shape does not approve it.,Seat-plan editor (editor.js:38),Draft only. Review seat identities and cross-outs before publishing. Selecting a shape does not approve it.,,,
Draft saved.,Seat-plan editor (editor.js:310),Draft saved.,,,
Drag a non-reservable area,Interactive seat map (map.js:114),Drag a non-reservable area,,,
Drag a selected seat to move the selection,Interactive seat map (map.js:114),Drag a selected seat to move the selection,,,
Drag corner {0},Interactive seat map (map.js:169),Drag corner {0},,,
Drag the outer bounds of a grid,Interactive seat map (map.js:114),Drag the outer bounds of a grid,,,
Drag the region to detect,Interactive seat map (map.js:114),Drag the region to detect,,,
Draw grid,Seat-plan editor (editor.js:39),Draw grid,,,
Duplicate,Seat-plan editor (editor.js:37),Duplicate,,,
Duplicate internal seat IDs.,API error (services.py:66),Duplicate internal seat IDs.,,,
Edit corners,Seat-plan editor (editor.js:39),Edit corners,,,
Email,Admin events (app.js:543); CSV export header,Email,,,
Email / house reservation,Printable plan and private roster (print.html); Private roster header,Email / house reservation,,,
Email address,Account and sign-in (app.js:162),Email address,,,
Email confirmed. You can now book seats.,Account and sign-in (app.js:150),Email confirmed. You can now book seats.,,,
Email delivery,System and delivery (app.js:634),Email delivery,,,
Enter a valid email address.,API error (domain.py:21); API error (domain.py:24); API error (domain.py:26),Enter a valid email address.,,,
Error,System and delivery (app.js:634),Error,,,
Event,Admin events (app.js:518); Visitor reservations (app.js:227),Event,,,
Event details updated,Event-change email subject,Event details updated,,,
Event not found.,API error (services.py:119),Event not found.,,,
Event revision {0},Printable plan revision,Event revision {0},,,
Event saved.,Admin events (app.js:624),Event saved.,,,
"Event seating, without the paperwork.",Visitor reservations (app.js:220),"Event seating, without the paperwork.",,,
Event settings,Admin events (app.js:518); Admin events (app.js:610),Event settings,,,
Event title,Admin events (app.js:610),Event title,,,
Events & seating,Admin seat plans (app.js:403),Events & seating,,,
Exclude area,Seat-plan editor (editor.js:39),Exclude area,,,
Exclude selected,Seat-plan editor (editor.js:37),Exclude selected,,,
Excluded,Seat-plan editor (editor.js:37),Excluded,,,
Exclusion area is empty.,API error (domain.py:97),Exclusion area is empty.,,,
Exclusion areas,Seat-plan editor (editor.js:37),Exclusion areas,,,
Exclusion coordinates must be finite and within the page.,API error (domain.py:94),Exclusion coordinates must be finite and within the page.,,,
Exit focus,Interactive seat map (map.js:27),Exit focus,,,
Explicitly allow reserving plan-excluded seats,Admin events (app.js:543),Explicitly allow reserving plan-excluded seats,,,
Export CSV,Admin events (app.js:543),Export CSV,,,
Export overlay,Seat-plan editor (editor.js:37),Export overlay,,,
failed,Admin seat plans (app.js:459); Admin seat plans (app.js:501); System and delivery (app.js:634),failed,,,
Find a seat,Visitor reservations (app.js:227),Find a seat,,,
First number,Seat-plan editor (editor.js:516),First number,,,
First row,Seat-plan editor (editor.js:424),First row,,,
First seat number,Seat-plan editor (editor.js:424),First seat number,,,
Fit page,Interactive seat map (map.js:17),Fit page,,,
Fit width,Interactive seat map (map.js:17),Fit width,,,
Flag possible cross-outs,Seat-plan editor (editor.js:37),Flag possible cross-outs,,,
Focus map,Interactive seat map (map.js:17); Interactive seat map (map.js:27),Focus map,,,
free,Admin events (app.js:590); Interactive seat map (map.js:147); Visitor reservations (app.js:265); Visitor reservations (app.js:288); Visitor reservations (app.js:323); Visitor reservations (app.js:325),free,,,
Free,Seat-plan editor (editor.js:37),Free,,,
Free (remove event assignment),Admin events (app.js:543),Free (remove event assignment),,,
Gaps are percentages of each cell's pitch. Use zero gaps to follow adjacent printed cell boundaries.,Seat-plan grid dialog,Gaps are percentages of each cell's pitch. Use zero gaps to follow adjacent printed cell boundaries.,,,
Grid corners must be within the page.,API error (domain.py:152),Grid corners must be within the page.,,,
"Grid is too large, or numbering step is zero.",API error (domain.py:160),"Grid is too large, or numbering step is zero.",,,
Grid preview,Seat-plan editor (editor.js:436),Grid preview,,,
"Height, px",Seat-plan editor (editor.js:37),"Height, px",,,
"Horizontal gap, %",Seat-plan editor (editor.js:424),"Horizontal gap, %",,,
House reservation,Private roster allocation,House reservation,,,
"I have checked EVERY shape, printed seat identity, missing seat and crossed-out area on ALL pages. Mark all candidates reviewed?",Seat-plan editor (editor.js:77),"I have checked EVERY shape, printed seat identity, missing seat and crossed-out area on ALL pages. Mark all candidates reviewed?",,,
"If you did not request it, ignore this message.",Sign-in email,"If you did not request it, ignore this message.",,,
Import overlay,Seat-plan editor (editor.js:37),Import overlay,,,
Interactive seating plan,Interactive seat map (map.js:17),Interactive seating plan,,,
Internal note,Seat-plan editor (editor.js:37),Internal note,,,
Invalid detection region.,API error (domain.py:231),Invalid detection region.,,,
Invalid or oversized overlay.,Seat-plan editor (editor.js:349),Invalid or oversized overlay.,,,
Invalid request origin. Check PUBLIC_URL and your reverse proxy.,API error (security.py:69),Invalid request origin. Check PUBLIC_URL and your reverse proxy.,,,
Invalid request origin. Check PUBLIC_URL.,API error,Invalid request origin. Check PUBLIC_URL.,,,
Invalid value.,Form validation message,Invalid value.,,,
It expires in 15 minutes and can be used once.,Sign-in email,It expires in 15 minutes and can be used once.,,,
Job,System and delivery (app.js:634),Job,,,
Job not found or already expired.,API error (app.py:323),Job not found or already expired.,,,
Keep existing,Seat-plan editor (editor.js:37); Seat-plan editor (editor.js:516),Keep existing,,,
"Keep the worker running, then press Refresh. The PDF is rendered in a resource-limited subprocess.",Admin seat plans (app.js:459),"Keep the worker running, then press Refresh. The PDF is rendered in a resource-limited subprocess.",,,
"Keep this message private. This is a reservation, not proof of identity.",Reservation email,"Keep this message private. This is a reservation, not proof of identity.",,,
Language,Accessible label for the language selector,Language,,,
Latest audit entries,System and delivery (app.js:634),Latest audit entries,,,
Leave this editor and discard unsaved changes? Export or save the draft first to keep them.,Account and sign-in (app.js:185),Leave this editor and discard unsaved changes? Export or save the draft first to keep them.,,,
Left to right,Seat-plan editor (editor.js:516),Left to right,,,
Legacy detector (comparison),Seat-plan editor (editor.js:37),Legacy detector (comparison),,,
Loading Seatplan…,Site shell (index.html),Loading Seatplan…,,,
Main navigation,Site shell (index.html),Main navigation,,,
MAKE YOURSELF AT HOME,Visitor reservations (app.js:227),MAKE YOURSELF AT HOME,,,
Mark all shapes reviewed…,Seat-plan editor (editor.js:37),Mark all shapes reviewed…,,,
"Maximum side, px",Seat-plan editor (editor.js:37),"Maximum side, px",,,
Method Not Allowed,HTTP 405 response,Method Not Allowed,,,
"Minimum side, px",Seat-plan editor (editor.js:37),"Minimum side, px",,,
Minimum size must be smaller than maximum size.,API error (domain.py:227),Minimum size must be smaller than maximum size.,,,
"More than 5,000 candidates. Restrict the region or increase minimum size.",API error (detection.py:135),"More than 5,000 candidates. Restrict the region or increase minimum size.",,,
Multi-pass: faint and rotated seats,Seat-plan editor (editor.js:37),Multi-pass: faint and rotated seats,,,
Multiple seats can be reserved with one email address.,Visitor reservations (app.js:312),Multiple seats can be reserved with one email address.,,,
My reservations,My reservations (app.js:380); Site shell (index.html); Visitor reservations (app.js:375),My reservations,,,
Nearby shapes,Seat-plan editor (editor.js:37),Nearby shapes,,,
Needs review,Seat-plan editor (editor.js:106); Seat-plan editor (editor.js:37),Needs review,,,
"New grid seats will require review. This is administrator-constrained reconstruction, not automatic seat detection.",Seat-plan editor (editor.js:465),"New grid seats will require review. This is administrator-constrained reconstruction, not automatic seat detection.",,,
NO ACTIVE SEATS,My reservations (app.js:380),NO ACTIVE SEATS,,,
No events have been created yet.,Visitor reservations (app.js:220),No events have been created yet.,,,
No exclusion areas. Use “Exclude area” to draw one.,Seat-plan editor (editor.js:122),No exclusion areas. Use “Exclude area” to draw one.,,,
No messages queued yet.,System and delivery (app.js:634),No messages queued yet.,,,
NO PASSWORD NEEDED,Account and sign-in (app.js:162),NO PASSWORD NEEDED,,,
No seats remain in this reservation.,Reservation email,No seats remain in this reservation.,,,
No worker heartbeat yet,System and delivery (app.js:633),No worker heartbeat yet,,,
Not Found,HTTP 404 response,Not Found,,,
Not reservable,Booking button when the event is closed,Not reservable,,,
Not reservable: {0}.,API error (services.py:177),Not reservable: {0}.,,,
Note,Admin events (app.js:543),Note,,,
Notes,Seat-plan editor (editor.js:37),Notes,,,
Numbering,Seat-plan editor (editor.js:424),Numbering,,,
Numbering step,Seat-plan editor (editor.js:424),Numbering step,,,
Only draft plans can be edited. Duplicate a published plan to revise it.,API error (services.py:56),Only draft plans can be edited. Duplicate a published plan to revise it.,,,
"Only use this after checking all pages, labels, exclusions and false detections. Publication does not automatically open event bookings.",Seat-plan editor (editor.js:37),"Only use this after checking all pages, labels, exclusions and false detections. Publication does not automatically open event bookings.",,,
Open,Admin events (app.js:610),Open,,,
open,Event status,open,,,
Open this link to sign in:,Sign-in email,Open this link to sign in:,,,
Operation failed.,Account and sign-in (app.js:106),Operation failed.,,,
Organizer copy. Contains private email addresses. Snapshot: {0}.,Private roster warning,Organizer copy. Contains private email addresses. Snapshot: {0}.,,,
ORGANIZER WORKSPACE,Admin seat plans (app.js:403),ORGANIZER WORKSPACE,,,
"Outline corners must be a convex, positive-winding quadrilateral.",API error (domain.py:74),"Outline corners must be a convex, positive-winding quadrilateral.",,,
Outline corners must be finite local coordinates between -0.5 and 0.5.,API error (domain.py:68),Outline corners must be finite local coordinates between -0.5 and 0.5.,,,
Overlay contains an invalid exclusion area.,Seat-plan editor (editor.js:362),Overlay contains an invalid exclusion area.,,,
Overlay contains an invalid seat. No changes were imported.,Seat-plan editor (editor.js:355),Overlay contains an invalid seat. No changes were imported.,,,
Overlay file is too large.,Seat-plan editor (editor.js:339),Overlay file is too large.,,,
Overlay labels,Interactive seat map (map.js:17),Overlay labels,,,
Overlay seat labels,Printable plan action; Printable plan and private roster (print.html),Overlay seat labels,,,
Override applied and recorded in the audit log.,Admin events (app.js:563),Override applied and recorded in the audit log.,,,
Page,Interactive seat map (map.js:17),Page,,,
Page {0},Seat-plan editor (editor.js:122),Page {0},,,
Page {0} / {1},Printable plan page counter,Page {0} / {1},,,
PDF file,Admin seat plans (app.js:471),PDF file,,,
PDF jobs,System and delivery (app.js:634),PDF jobs,,,
PDF must contain between 1 and {0} pages.,API error (detection.py:27),PDF must contain between 1 and {0} pages.,,,
PDF page not found.,API error (app.py:217),PDF page not found.,,,
PDF processing failed,Admin seat plans (app.js:459),PDF processing failed,,,
PDF processing failed.,Admin seat plans (app.js:503),PDF processing failed.,,,
PDF processing is queued,Admin seat plans (app.js:459),PDF processing is queued,,,
PDF rendered. Add or detect seats in the draft editor.,Admin seat plans (app.js:486),PDF rendered. Add or detect seats in the draft editor.,,,
PDF SEAT MAP · {0},Seat-plan editor (editor.js:37),PDF SEAT MAP · {0},,,
PDF uploaded. Waiting for the rendering worker…,Admin seat plans (app.js:482),PDF uploaded. Waiting for the rendering worker…,,,
Plan name,Admin seat plans (app.js:471); Seat-plan editor (editor.js:37),Plan name,,,
Plan published. Create an event to open reservations.,Seat-plan editor (editor.js:328),Plan published. Create an event to open reservations.,,,
Plan settings & review,Seat-plan editor (editor.js:37),Plan settings & review,,,
Please check back when the organizer opens an event.,Visitor reservations (app.js:220),Please check back when the organizer opens an event.,,,
Please sign in with your email first.,API error (security.py:64),Please sign in with your email first.,,,
"Precision fitting uses independent quadrilateral edges, not enclosing rectangles. Deterministic pixel search and optional repeated-symbol recovery; no AI or OCR. Scans receive provisional D-labels; every candidate needs review.",Seat-plan editor (editor.js:37),"Precision fitting uses independent quadrilateral edges, not enclosing rectangles. Deterministic pixel search and optional repeated-symbol recovery; no AI or OCR. Scans receive provisional D-labels; every candidate needs review.",,,
Precision: four-border pixel fitting,Seat-plan editor (editor.js:37),Precision: four-border pixel fitting,,,
Preview grid,Seat-plan editor (editor.js:424),Preview grid,,,
Preview only. {0},Seat-plan editor (editor.js:465),Preview only. {0},,,
Print / save as PDF,Printable plan action; Printable plan and private roster (print.html),Print / save as PDF,,,
Print plan,Admin events (app.js:543),Print plan,,,
Print plan + attendee list,Admin events (app.js:543),Print plan + attendee list,,,
Printed number,Seat-plan editor (editor.js:37),Printed number,,,
processing,Seat-plan processing state,processing,,,
Publish,Seat-plan editor (editor.js:37),Publish,,,
"Publish a reviewed plan, then select it in the event settings. Each event has its own reservations.",Admin events (app.js:538),"Publish a reviewed plan, then select it in the event settings. Each event has its own reservations.",,,
Publish a reviewed seating plan before creating an event.,Admin events (app.js:608),Publish a reviewed seating plan before creating an event.,,,
Publish this reviewed plan? Its geometry will be frozen. You can duplicate it to make future changes.,Seat-plan editor (editor.js:320),Publish this reviewed plan? Its geometry will be frozen. You can duplicate it to make future changes.,,,
published,Admin events (app.js:605); Admin seat plans (app.js:457),published,,,
PUBLISHED,Seat-plan editor heading status,PUBLISHED,,,
"Published plans are immutable. Duplicate this plan to revise its overlay, or upload a new PDF. Existing events keep their current version until you explicitly switch it.",Seat-plan editor (editor.js:38),"Published plans are immutable. Duplicate this plan to revise its overlay, or upload a new PDF. Existing events keep their current version until you explicitly switch it.",,,
Published seating plan,Admin events (app.js:610),Published seating plan,,,
queued,System and delivery (app.js:634),queued,,,
Reason,Admin events (app.js:543),Reason,,,
Recipient,System and delivery (app.js:634),Recipient,,,
Recover separate groups and faint chair pairs (slower),Seat-plan editor (editor.js:37),Recover separate groups and faint chair pairs (slower),,,
Reference,Printable plan and private roster (print.html),Reference,,,
Reference: {0},My reservations (app.js:380); Reservation email,Reference: {0},,,
Refresh,Admin seat plans (app.js:429); System and delivery (app.js:634),Refresh,,,
Refresh live view,Admin events (app.js:518),Refresh live view,,,
Region: entire current page,Seat-plan editor (editor.js:37); Seat-plan editor (editor.js:90),Region: entire current page,,,
Remove,Seat-plan editor (editor.js:122),Remove,,,
Remove this exclusion area? Individually blocked seats stay blocked until you change their flags.,Seat-plan editor (editor.js:125),Remove this exclusion area? Individually blocked seats stay blocked until you change their flags.,,,
Renumber selected shapes…,Seat-plan editor (editor.js:37),Renumber selected shapes…,,,
Renumber {0} selected shapes,Seat-plan editor (editor.js:516),Renumber {0} selected shapes,,,
Repair faint small outlines,Seat-plan editor (editor.js:37),Repair faint small outlines,,,
"Repair gap length, px",Seat-plan editor (editor.js:37),"Repair gap length, px",,,
Replace all current-page seat shapes with these unreviewed candidates? Exclusion areas are retained.,Seat-plan editor (editor.js:469),Replace all current-page seat shapes with these unreviewed candidates? Exclusion areas are retained.,,,
Replace all shapes and exclusion areas in this draft with the imported overlay? This can be undone before saving.,Seat-plan editor (editor.js:373),Replace all shapes and exclusion areas in this draft with the imported overlay? This can be undone before saving.,,,
Replace current page shapes…,Seat-plan editor (editor.js:465),Replace current page shapes…,,,
Request body exceeds the configured size limit.,API error,Request body exceeds the configured size limit.,,,
Request failed ({0}).,Network error,Request failed ({0}).,,,
Request failed.,Generic HTTP error,Request failed.,,,
Reservation,Admin events (app.js:543); CSV export header,Reservation,,,
Reservation changed by the organizer,Reservation email subject,Reservation changed by the organizer,,,
Reservation confirmed,Reservation email subject,Reservation confirmed,,,
Reservation confirmed by the organizer,Reservation email subject,Reservation confirmed by the organizer,,,
Reservation confirmed. Reference {0}. Your email is queued for delivery.,Booking result toast,Reservation confirmed. Reference {0}. Your email is queued for delivery.,,,
Reservation not found.,API error (services.py:196),Reservation not found.,,,
Reservation updated,Reservation email subject,Reservation updated,,,
Reservation updated. An email notification has been queued.,My reservations (app.js:389),Reservation updated. An email notification has been queued.,,,
RESERVATIONS,Visitor reservations (app.js:220),RESERVATIONS,,,
Reservations,Admin events (app.js:610),Reservations,,,
Reservations closed,Visitor reservations (app.js:263),Reservations closed,,,
Reserve at most 100 seats per request.,Visitor reservations (app.js:343),Reserve at most 100 seats per request.,,,
Reserve selected seats,Visitor reservations (app.js:227),Reserve selected seats,,,
Reserve {0} seat,Booking button; one selected seat,Reserve {0} seat,,,
Reserve {0} seats,Booking button; multiple selected seats,Reserve {0} seats,,,
Reserved,Admin events (app.js:543); Printable plan and private roster (print.html); Visitor reservations (app.js:227),Reserved,,,
reserved,Admin events (app.js:556); Admin events (app.js:590),reserved,,,
Restart on each row,Seat-plan editor (editor.js:424),Restart on each row,,,
Retry,System and delivery (app.js:634),Retry,,,
Reverse alternate rows (serpentine),Seat-plan editor (editor.js:424),Reverse alternate rows (serpentine),,,
review,Seat map review state,review,,,
Review every candidate before publishing.,Seat-plan editor (editor.js:317),Review every candidate before publishing.,,,
Review every candidate before publishing. Unreviewed: {0}.,API error (services.py:94),Review every candidate before publishing. Unreviewed: {0}.,,,
Review state,Seat-plan editor (editor.js:37),Review state,,,
revision {0},Admin event revision,revision {0},,,
"Rotation, °",Seat-plan editor (editor.js:424),"Rotation, °",,,
Row,CSV export header; Seat-plan editor (editor.js:37); Seat-plan editor (editor.js:516),Row,,,
Row prefix,Seat-plan editor (editor.js:424),Row prefix,,,
Rows,Seat-plan editor (editor.js:424),Rows,,,
Save draft,Seat-plan editor (editor.js:37),Save draft,,,
Save event,Admin events (app.js:610),Save event,,,
Save or export first to keep your edits. Continue and discard unsaved map changes?,Admin seat plans (app.js:467),Save or export first to keep your edits. Continue and discard unsaved map changes?,,,
Save your changes before duplicating?,Seat-plan editor (editor.js:62),Save your changes before duplicating?,,,
"Search email, seat or reference",Admin events (app.js:543),"Search email, seat or reference",,,
Search roster,Admin events (app.js:543),Search roster,,,
"Search seat, row or section",Visitor reservations (app.js:227),"Search seat, row or section",,,
Seat,Admin events (app.js:543); CSV export header,Seat,,,
Seat availability,Seat-plan editor (editor.js:37),Seat availability,,,
Seat corners must form a non-degenerate convex quadrilateral.,API error (geometry.py:17),Seat corners must form a non-degenerate convex quadrilateral.,,,
Seat label,Seat-plan editor (editor.js:37),Seat label,,,
Seat outline extends beyond the page.,API error (domain.py:168),Seat outline extends beyond the page.,,,
Seat plan,Admin seat plans (app.js:429),Seat plan,,,
Seat plan not found.,API error (services.py:25),Seat plan not found.,,,
Seat plans,Admin seat plans (app.js:403),Seat plans,,,
Seat rectangle extends beyond the page.,API error (domain.py:80),Seat rectangle extends beyond the page.,,,
Seat roster,Admin events (app.js:543),Seat roster,,,
"Seating allocation plan, page {0}",Printable plan accessible label,"Seating allocation plan, page {0}",,,
Seating plan · {0},Printable plan browser title; event title remains as entered,Seating plan · {0},,,
Seatplan home,Site shell (index.html),Seatplan home,,,
Seatplan · Reservations,Site shell (index.html),Seatplan · Reservations,,,
"Seats are assigned when you press Reserve, not while browsing. A confirmation email follows a successful reservation.",Visitor reservations (app.js:227),"Seats are assigned when you press Reserve, not while browsing. A confirmation email follows a successful reservation.",,,
Seats per email,Admin events (app.js:610),Seats per email,,,
"Seats whose centers fall inside an area stay unavailable, even when their individual flag is free. Remove the area to change that rule.",Seat-plan editor (editor.js:37),"Seats whose centers fall inside an area stay unavailable, even when their individual flag is free. Remove the area to change that rule.",,,
Section,CSV export header; Seat-plan editor (editor.js:37); Seat-plan editor (editor.js:424); Seat-plan editor (editor.js:516); Visitor reservations (app.js:227),Section,,,
Section / row / seat,Printable plan and private roster (print.html); Private roster header,Section / row / seat,,,
Section for candidates,Seat-plan editor (editor.js:37),Section for candidates,,,
Select,Admin events (app.js:543),Select,,,
Select a plan,Admin seat plans (app.js:429),Select a plan,,,
Select an event,Admin events (app.js:518),Select an event,,,
Select at least one seat.,Admin events (app.js:553),Select at least one seat.,,,
Select low-confidence shapes,Seat-plan editor (editor.js:37),Select low-confidence shapes,,,
Select one or more seats first.,Seat-plan editor (editor.js:270),Select one or more seats first.,,,
"Select one seat, then drag its four corner handles",Interactive seat map (map.js:114),"Select one seat, then drag its four corner handles",,,
Select the row or shapes to number first.,Seat-plan editor (editor.js:513),Select the row or shapes to number first.,,,
Select {0},Admin events (app.js:598),Select {0},,,
Selected,Admin events (app.js:543); Seat-plan editor (editor.js:37),Selected,,,
Selection,Seat-plan editor (editor.js:37),Selection,,,
Send sign-in link,Account and sign-in (app.js:162),Send sign-in link,,,
sending,Mail delivery state,sending,,,
sent,Mail delivery state,sent,,,
Server returned {0}. Check the reverse proxy and application logs.,Network error,Server returned {0}. Check the reverse proxy and application logs.,,,
Set selected seats to,Admin events (app.js:543),Set selected seats to,,,
Set {0} seats to {1}? This affects {2} currently reserved seats. Attendees with email addresses will be notified.,Administrator override confirmation,Set {0} seats to {1}? This affects {2} currently reserved seats. Attendees with email addresses will be notified.,,,
Showing 60 of {0}. Refine your search.,Seat search results,Showing 60 of {0}. Refine your search.,,,
Showing the latest 100 entries. The database retains the complete audit trail; the web interface cannot edit or delete it.,System and delivery (app.js:634),Showing the latest 100 entries. The database retains the complete audit trail; the web interface cannot edit or delete it.,,,
Sign in,Account and sign-in (app.js:124); Site shell (index.html); Visitor reservations (app.js:375),Sign in,,,
Sign in to reserve,Visitor reservations (app.js:314),Sign in to reserve,,,
Sign in to view or cancel:,Reservation email,Sign in to view or cancel:,,,
Sign in with the same email address you used to reserve.,Visitor reservations (app.js:375),Sign in with the same email address you used to reserve.,,,
Sign in with your email,Account and sign-in (app.js:162),Sign in with your email,,,
Sign out,Account and sign-in (app.js:124),Sign out,,,
"Small symbol max side, px",Seat-plan editor (editor.js:37),"Small symbol max side, px",,,
Snapshot generated {0}. Enable background graphics for the closest color match. Symbols and outlines also distinguish states.,Printable plan guidance,Snapshot generated {0}. Enable background graphics for the closest color match. Symbols and outlines also distinguish states.,,,
Some selected seats are no longer available. Your selection was updated.,Visitor reservations (app.js:270),Some selected seats are no longer available. Your selection was updated.,,,
Sort order,Seat-plan editor (editor.js:516),Sort order,,,
Start with your PDF.,Admin seat plans (app.js:453),Start with your PDF.,,,
State,Admin events (app.js:543); CSV export header; System and delivery (app.js:634),State,,,
Step,Seat-plan editor (editor.js:516),Step,,,
Subject,System and delivery (app.js:634),Subject,,,
Symbol search exceeded its work limit. Select a smaller detection region.,API error (detection_recovery.py:193),Symbol search exceeded its work limit. Select a smaller detection region.,,,
That request key was already used for a different selection.,API error (services.py:164),That request key was already used for a different selection.,,,
The adjusted cell is too large or too small.,Seat-plan editor (editor.js:414),The adjusted cell is too large or too small.,,,
The database is busy. Retry the same operation in a moment.,API error,The database is busy. Retry the same operation in a moment.,,,
The draft has changed or is already published. Reload it.,API error (services.py:91),The draft has changed or is already published. Reload it.,,,
The event has changed. Reload before saving.,API error (services.py:257),The event has changed. Reload before saving.,,,
The grid extends beyond the page. Reduce its size or rotation.,API error (app.py:298),The grid extends beyond the page. Reduce its size or rotation.,,,
"The job is still queued or running. Check Delivery & audit and make sure the worker is running, then refresh.",Admin seat plans (app.js:511),"The job is still queued or running. Check Delivery & audit and make sure the worker is running, then refresh.",,,
The link expires in 15 minutes.,Sign-in request notice,The link expires in 15 minutes.,,,
The live seating state changed. Refresh and review your override again.,API error (services.py:213),The live seating state changed. Refresh and review your override again.,,,
The moved selection would extend beyond the page.,Seat-plan editor (editor.js:215),The moved selection would extend beyond the page.,,,
The PDF exceeds the upload limit.,API error (app.py:241),The PDF exceeds the upload limit.,,,
The PDF must finish processing first.,API error (services.py:106),The PDF must finish processing first.,,,
The rectangle you drew defines the grid bounds.,Seat-plan editor (editor.js:424),The rectangle you drew defines the grid bounds.,,,
The seat would extend beyond the page.,Seat-plan editor (editor.js:196),The seat would extend beyond the page.,,,
The selection includes plan-excluded seats. Explicitly allow an excluded-seat override to continue.,API error (services.py:220),The selection includes plan-excluded seats. Explicitly allow an excluded-seat override to continue.,,,
The source overlay has a different page count.,Seat-plan editor (editor.js:367),The source overlay has a different page count.,,,
There must be at least one reservable seat.,API error (services.py:96),There must be at least one reservable seat.,,,
This application requires JavaScript. Enable it to select and reserve seats.,Site shell (index.html),This application requires JavaScript. Enable it to select and reserve seats.,,,
This creates a new draft. It will not change any existing event or reservation.,Admin seat plans (app.js:471),This creates a new draft. It will not change any existing event or reservation.,,,
This email cannot be retried. Request a new sign-in link for expired messages.,API error (app.py:411),This email cannot be retried. Request a new sign-in link for expired messages.,,,
This event allows {0} seats per email. You already have {1}.,API error (services.py:182),This event allows {0} seats per email. You already have {1}.,,,
This event's per-email seat limit has been reached.,Seat selection limit,This event's per-email seat limit has been reached.,,,
This file does not have a PDF header.,API error (app.py:239),This file does not have a PDF header.,,,
This is not a Seatplan overlay export.,Seat-plan editor (editor.js:344),This is not a Seatplan overlay export.,,,
This language is not available yet.,Language preference API error,This language is not available yet.,,,
"This overlay was created for a DIFFERENT PDF. Coordinates are normalized, but alignment may be wrong. Import as unreviewed shapes?",Seat-plan editor (editor.js:369),"This overlay was created for a DIFFERENT PDF. Coordinates are normalized, but alignment may be wrong. Import as unreviewed shapes?",,,
This reservation has changed. Refresh your reservations.,API error (services.py:200),This reservation has changed. Refresh your reservations.,,,
This seating plan is not published.,API error (services.py:171),This seating plan is not published.,,,
This sign-in link could not be used. Request a new one.,Sign-in error,This sign-in link could not be used. Request a new one.,,,
This sign-in link has expired or was already used. Request a new one.,API error (app.py:154),This sign-in link has expired or was already used. Request a new one.,,,
Time (local),System and delivery (app.js:634),Time (local),,,
Too many boundary proposals. Select a smaller detection region.,API error (detection_boundaries.py:123),Too many boundary proposals. Select a smaller detection region.,,,
Too many distinct boundaries. Restrict the detection region.,API error (detection_boundaries.py:153),Too many distinct boundaries. Restrict the detection region.,,,
Too many requests. Please wait before trying again.,API error (security.py:94),Too many requests. Please wait before trying again.,,,
Too many symbol-search regions. Select a smaller detection region.,API error (detection_recovery.py:164),Too many symbol-search regions. Select a smaller detection region.,,,
Top to bottom,Seat-plan editor (editor.js:516),Top to bottom,,,
Type,System and delivery (app.js:634),Type,,,
Unavailable,Admin events (app.js:543); Printable plan and private roster (print.html); Visitor reservations (app.js:227),Unavailable,,,
Undo,Seat-plan editor (editor.js:37),Undo,,,
Unknown job type.,API error (pdf_job.py:25),Unknown job type.,,,
unsaved changes,Seat-plan editor (editor.js:103),unsaved changes,,,
Unsupported PDF page dimensions.,API error (detection.py:33),Unsupported PDF page dimensions.,,,
Up to {0} seats per email for this event.,Per-event booking allowance,Up to {0} seats per email for this event.,,,
Upload a new seating plan,Admin seat plans (app.js:471),Upload a new seating plan,,,
Upload a PDF,Admin seat plans (app.js:429),Upload a PDF,,,
"Upload a plan, detect seat shapes or draw grids, review the exclusions, then publish.",Admin seat plans (app.js:453),"Upload a plan, detect seat shapes or draw grids, review the exclusions, then publish.",,,
Upload and render,Admin seat plans (app.js:471),Upload and render,,,
"Upload and review a seating plan in Administration, then create an event.",Visitor reservations (app.js:220),"Upload and review a seating plan in Administration, then create an event.",,,
Upload the PDF bytes with Content-Type: application/pdf.,API error (app.py:236),Upload the PDF bytes with Content-Type: application/pdf.,,,
"Use step −1, 2 or −2 for reversed or odd/even numbering. Draw irregular rows as separate grids; delete positions where aisles occur.",Seat-plan editor (editor.js:424),"Use step −1, 2 or −2 for reversed or odd/even numbering. Draw irregular rows as separate grids; delete positions where aisles occur.",,,
"Use this on one row at a time, or choose a sorting direction explicitly.",Seat-plan editor (editor.js:516),"Use this on one row at a time, or choose a sorting direction explicitly.",,,
"Vertical gap, %",Seat-plan editor (editor.js:424),"Vertical gap, %",,,
Wait for this plan's current PDF jobs to finish.,API error (app.py:310),Wait for this plan's current PDF jobs to finish.,,,
"We will email a one-time confirmation link. Once confirmed, you can book seats and manage your reservations.",Account and sign-in (app.js:162),"We will email a one-time confirmation link. Once confirmed, you can book seats and manage your reservations.",,,
"Width, px",Seat-plan editor (editor.js:37),"Width, px",,,
Worker heartbeat: {0}s ago,System status,Worker heartbeat: {0}s ago,,,
You have no reservations yet.,My reservations (app.js:380),You have no reservations yet.,,,
Your four corners define a skewed grid. Shared boundaries are interpolated consistently; rotation is ignored. For curved banks use short strips or individual rows.,Seat-plan editor (editor.js:424),Your four corners define a skewed grid. Shared boundaries are interpolated consistently; rotation is ignored. For curved banks use short strips or individual rows.,,,
YOUR PLACES,My reservations (app.js:380),YOUR PLACES,,,
Your Seatplan sign-in link,Sign-in email subject,Your Seatplan sign-in link,,,
Your selection,Visitor reservations (app.js:227),Your selection,,,
Your selection was reduced to the seats still available under this event’s per-email limit.,Booking selection refresh,Your selection was reduced to the seats still available under this event’s per-email limit.,,,
Your session has changed. Reload the page and try again.,API error (security.py:72),Your session has changed. Reload the page and try again.,,,
yours,Seat-map accessible label for a seat owned by the signed-in visitor,yours,,,
Yours,Visitor seat result,Yours,,,
Zoom in,Interactive seat map (map.js:17),Zoom in,,,
Zoom out,Interactive seat map (map.js:17),Zoom out,,,
{0} mail backend,System status,{0} mail backend,,,
{0} matching seats.,Seat search results,{0} matching seats.,,,
{0} of {1} seats remain available to this email for this event.,Booking quota status,{0} of {1} seats remain available to this email for this event.,,,
{0} RESERVED,My reservations count,{0} RESERVED,,,
{0} selected,Admin events (app.js:589); Admin selection count,{0} selected,,,
{0} shapes,Seat-plan selector,{0} shapes,,,
{0} shapes · {1} excluded · {2} need review · revision {3},Seat-plan editor summary,{0} shapes · {1} excluded · {2} need review · revision {3},,,
“Free” removes an event assignment. A seat excluded by the underlying plan remains non-reservable; revise the plan to change that rule.,Admin events (app.js:543),“Free” removes an event assignment. A seat excluded by the underlying plan remains non-reservable; revise the plan to change that rule.,,,
